-- 用户表
CREATE TABLE shu_user(
    usid VARCHAR(40) PRIMARY KEY ,-- 主键
    usname VARCHAR(30) , -- 用户昵称(账号)
    uspassword VARCHAR(40) , -- 用户密码
    ussalt VARCHAR(8) ,-- 盐数据
    usphone VARCHAR(11),-- 用户手机号
    usstatus VARCHAR(30), -- 0 启用 1 禁用
    usrole VARCHAR(8),  -- 用户角色 0 用户 , 1 商铺  2 管理员
    uscreate DATETIME -- 创建时间
);
-- 资讯 商品 分类
CREATE TABLE shu_category(
    caid VARCHAR(40) PRIMARY KEY ,-- 主键
    caname VARCHAR(40) , -- 标签名称
    cacreate DATETIME ,-- 创建时间
    carole VARCHAR(1) -- 1 资讯  2 商品
);
-- 资讯表
CREATE TABLE shu_news(
    neid VARCHAR(40) PRIMARY KEY ,-- 主键
    netitle VARCHAR(100) ,-- 标题
    necontent VARCHAR(3000) , -- 内容
    necreate DATETIME,-- 创建时间
    neimage VARCHAR(225), -- 封面图片
    neintro VARCHAR(100), -- 概述
    userid VARCHAR(40) , -- 用户外键
    categoryid VARCHAR(40),
        FOREIGN KEY(userid) REFERENCES shu_user(usid),
        FOREIGN KEY(categoryid) REFERENCES shu_category(caid)
);

-- 资讯评论表
CREATE TABLE shu_news_comment(
    ncoid VARCHAR(40) PRIMARY KEY ,-- 主键
    ncocontent VARCHAR(225),-- 评论内容
    nccreate DATETIME ,-- 评论时间
    userid VARCHAR(40) ,-- 用户id
    newsid VARCHAR(40),-- 资讯id
        FOREIGN KEY(userid) REFERENCES shu_user(usid),
        FOREIGN KEY(newsid) REFERENCES shu_news(neid)
);


-- 城市信息地址
CREATE TABLE shu_city(
    ciid VARCHAR(40) PRIMARY KEY,-- 主键
    ciname VARCHAR(40) ,-- 城市名称
    cityid VARCHAR(40) --  城市外键 自连接查询自己城市所属
);

-- 商铺表
CREATE TABLE shu_shop(
    shid VARCHAR(40) PRIMARY KEY ,-- 商铺id
    shname VARCHAR(40) ,-- 商铺名称
    shcreate DATETIME ,-- 创建时间
	shimage VARCHAR(225),-- 封面图片
    shdescribes VARCHAR(1000) , -- 商铺简介
    shcontact VARCHAR(225) , -- 联系方式
    shrole VARCHAR(8) , -- 商铺等级(白金 黄金会员)
    shaddress VARCHAR(40) ,-- 商铺地址(名称)
    cityid VARCHAR(40),-- 地址id(外键)
    FOREIGN KEY(cityid) REFERENCES shu_city(ciid)
);
-- 商品表
CREATE TABLE shu_goods(
    goid VARCHAR(40) PRIMARY KEY ,-- 主键
    goname VARCHAR(225) ,-- 名称
    goprice DECIMAL ,-- 原价格
    goshuprice DECIMAL ,-- 书店价格
    gosalescount INT , -- 销售量
    goimage VARCHAR(225), -- 商品图片
    gostock INT , -- 存货
    goviewcount INT , -- 浏览量(人气)
    gonumber VARCHAR(40) ,-- 货号
    goaddress VARCHAR(225),-- 产地
    gosize VARCHAR(225) ,-- 尺寸
    godescript VARCHAR(1000),-- 商品参数描述
    categoryid VARCHAR(40), -- 商品类别
    shopid VARCHAR(40), -- 商品所属商铺
	gocreate DATETIME ,-- 创建时间
    FOREIGN KEY(categoryid) REFERENCES shu_category(caid),
    FOREIGN KEY(shopid) REFERENCES shu_shop(shid)
);
-- 商品评论表
CREATE TABLE shu_goods_comment(
    gcoid VARCHAR(40) PRIMARY KEY ,-- 主键
    gcocontent VARCHAR(225),-- 评论内容
    gccreate DATETIME ,-- 评论时间
    userid VARCHAR(40),-- 用户id
    goodsid VARCHAR(40), -- 商品id
    FOREIGN KEY(userid) REFERENCES shu_user(usid),
    FOREIGN KEY(goodsid) REFERENCES shu_goods(goid)
);

-- 收货地址
CREATE TABLE shu_recaddress(
    adid VARCHAR(40) PRIMARY KEY , -- 主键id
    adrecname VARCHAR(40),-- 收件人姓名
    adphone VARCHAR(11) , -- 手机号
    adcode VARCHAR(6), -- 邮政编码
    addressdetail VARCHAR(225), --  收货详细地址
    cityid VARCHAR(40) ,-- 城市id外键
    userid VARCHAR(40) , -- 用户外键
	adcreate DATETIME , -- 添加时间
    FOREIGN KEY(cityid) REFERENCES shu_city(ciid),
    FOREIGN KEY(userid) REFERENCES shu_user(usid)
);


-- 订单表
CREATE TABLE shu_order(
    orid VARCHAR(40)     PRIMARY KEY,-- 主键
    ornumber INT(13),-- 订单号
    orcreate DATETIME,-- 创建时间
    orpaystatus INT(3),-- 付款状态  0 付款  1 没有付款
    addressid VARCHAR(40) , -- 地址id(recaddress 表中的数据)
	ormessage VARCHAR(225), -- 留言信息
    FOREIGN KEY(addressid) REFERENCES shu_recaddress(adid)
);
-- 购物车表(暂时 key设计)
CREATE TABLE shu_cart (
    caid VARCHAR(40) PRIMARY KEY ,-- 主键
    cacount INT(6),-- 数量
    goid VARCHAR(40) , -- 商品id
    userid VARCHAR(40), -- userid
    orderid VARCHAR(40) , -- 订单id
    orderstatus tinyint,  -- 状态  0 已生成订单不在展示  1 未生成订单
    cacreate DATETIME, -- 创建时间
    FOREIGN KEY(goid) REFERENCES shu_goods(goid),
    FOREIGN KEY(userid) REFERENCES shu_user(usid),
    FOREIGN KEY(orderid) REFERENCES shu_order(orid)
);

-- 店铺收藏(暂时 key设计)
CREATE TABLE shu_collect(
    scid VARCHAR(40) PRIMARY KEY ,-- 收藏主键
    goodsid VARCHAR(40) ,-- 商品外键
    shopid VARCHAR(40) , -- 商户外键
    userid VARCHAR(40) ,-- 用户外键
    sccreate DATETIME, -- 创建时间
    FOREIGN KEY(goodsid) REFERENCES shu_goods(goid),
    FOREIGN KEY(shopid) REFERENCES shu_shop(shid),
    FOREIGN KEY(userid) REFERENCES shu_user(usid)
);


-- 轮播图
CREATE TABLE shu_carousel(
    caid VARCHAR(40) primary key ,-- 主键id
    cacreate DATETIME ,-- 创建时间
    caname VARCHAR(30), -- 商品名字
	caimage VARCHAR(225)-- 图片路径
);

-- 反馈表
CREATE TABLE shu_feedback(
    feid VARCHAR(40) PRIMARY KEY, -- 主键
    fecontent VARCHAR(500) , -- 反馈内容
    fecreate DATETIME ,-- 反馈时间
    userid VARCHAR(40) ,-- 用户外键
    usenvironment VARCHAR(225) , -- 用户系统环境
    FOREIGN KEY(userid) REFERENCES shu_user(usid)
);

-- 公司信息表
CREATE TABLE shu_company(
    coid VARCHAR(40) PRIMARY KEY, -- 主键
    coabout VARCHAR(1000) ,-- 关于我们
    coconnect VARCHAR(500) ,-- 联系我们
    coidentification VARCHAR(1000) ,-- 认证
    coother VARCHAR(1000) -- 其他内容
);

-- 浏览记录(暂时)


INSERT INTO `shu_user` VALUES ('1', '李白', '123456', null, '13645567179', '个人', '0', '2018-07-03 15:28:42');
INSERT INTO `shu_user` VALUES ('10', '书桓', '123456', null, '16789867896', '公司', '2', '2018-07-01 15:41:42');
INSERT INTO `shu_user` VALUES ('2', '张飞', '234567', null, '13689679091', '个人', '0', '2018-07-04 15:30:10');
INSERT INTO `shu_user` VALUES ('3', '刘备', '345678', null, '13849463937', '个人', '0', '2018-07-04 15:30:43');
INSERT INTO `shu_user` VALUES ('4', '李宁', '123456', null, '18923463435', '公司', '1', '2018-07-02 15:31:44');
INSERT INTO `shu_user` VALUES ('5', '黑皮', '123456', null, '19678786767', '公司', '0', '2018-07-04 15:32:36');
INSERT INTO `shu_user` VALUES ('6', '路名', '123456', null, '19078563467', '公司', '1', '2018-07-02 15:33:25');
INSERT INTO `shu_user` VALUES ('7', '李亮', '123456', null, '17856678967', '个人', '2', '2018-07-01 15:35:04');
INSERT INTO `shu_user` VALUES ('8', '赵云', '123456', null, '13467789056', '个人', '2', '2018-07-01 15:35:09');
INSERT INTO `shu_user` VALUES ('9', '嫦娥', '123456', null, '14567890678', '个人', '2', '2018-07-01 15:35:14');



INSERT INTO `shu_feedback` VALUES ('1', '系统有点卡', '2018-07-03 15:48:37', '1', null);
INSERT INTO `shu_feedback` VALUES ('10', '价格不真实', '2018-07-19 15:53:06', null, null);
INSERT INTO `shu_feedback` VALUES ('2', '界面不美观', '2018-07-04 15:49:09', '3', null);
INSERT INTO `shu_feedback` VALUES ('3', '假货有点多', '2018-07-12 15:49:35', '5', null);
INSERT INTO `shu_feedback` VALUES ('4', '价格不真实', '2018-07-02 15:50:00', '5', null);
INSERT INTO `shu_feedback` VALUES ('5', '画的瑕疵有点大', '2018-07-05 15:50:23', '3', null);
INSERT INTO `shu_feedback` VALUES ('6', '书法名家有假货', '2018-07-03 15:50:47', '2', null);
INSERT INTO `shu_feedback` VALUES ('7', '水货有点多', '2018-07-04 15:51:08', '1', null);
INSERT INTO `shu_feedback` VALUES ('8', '价格不真实', '2018-07-03 15:51:26', '1', null);
INSERT INTO `shu_feedback` VALUES ('9', '界面不美观', '2018-07-19 15:52:48', '2', null);

INSERT INTO `shu_category` VALUES ('1', '国画名家', '2018-07-01 15:36:00', '1');
INSERT INTO `shu_category` VALUES ('10', '新手临摹', '2018-07-02 15:39:54', '2');
INSERT INTO `shu_category` VALUES ('2', '书法名家', '2018-07-04 15:36:57', '1');
INSERT INTO `shu_category` VALUES ('3', '书画鉴赏', '2018-07-01 15:37:36', '1');
INSERT INTO `shu_category` VALUES ('4', '书画轶事', '2018-07-04 15:37:41', '1');
INSERT INTO `shu_category` VALUES ('5', '名画故事', '2018-07-05 15:37:51', '1');
INSERT INTO `shu_category` VALUES ('6', '笔精墨妙', '2018-07-01 15:38:39', '2');
INSERT INTO `shu_category` VALUES ('7', '避寒墨宝', '2018-07-02 15:38:50', '2');
INSERT INTO `shu_category` VALUES ('8', '文房四宝', '2018-07-07 15:39:12', '2');
INSERT INTO `shu_category` VALUES ('9', '水墨丹青', '2018-07-01 15:39:49', '2');




INSERT INTO `shu_news` VALUES ('100001', '丝绸路，韩墨缘、古今书画鉴赏暨田园作品展国家行政学院展盛大开幕式', '政学院书画研究院，中国文物学会收藏鉴定委员会主办，北京墨耕堂画院承办。展览日期为9月10日至10月15日。\r\n　　此次展览开幕式由中国收藏家协会副会长维佳主持，国家行政学院党委委员、书画研究院院长杨文明，中国文物学会收藏鉴定委员会会长王炳新，故宫博物院原书画组组长、《墨缘集胜》主编潘深亮致辞。中国书法家协会原分党组书记、副主席张飙代表来宾讲话，田原致答谢词。\r\n\r\n中国收藏家协会副会长维佳主持开幕式\r\n\r\n　　国家行政学院党委委员 书画研究院院长杨文明致辞\r\n\r\n中国书法家协会原分党组书记、副主席张飙致辞\r\n\r\n中国书画艺术发展基金会副主席、中国文物学会收藏鉴定委员会副秘书长、墨耕堂院长田原致答谢词\r\n　　出席开幕式的嘉宾有：国家行政学院原党委书记、常务副院长陈福今，山西、湖南原省委书记、中国生产力学会会长王茂林，全国政协文史委副主任、民航总局原局长李家祥，国家行政学院原副院长周文彰，国务院国资委原监事会主席、中国生产力学会原常务副会长翟立功，中国人民革命军事博物馆原馆长、少将、中国诗书画研究会会长陈士富，曹育民将军，孔繁顺将军，王振荣将军，刘克仁将军，刘长胜将军，国家行政学院书画研究院原院长、顾问廖自力，中国农工民主党宣传部原部长石光树，中央统战部局长助理冯红云，文化部事务管理局局长都海江，文化部博物馆司司长张建新，故宫博物院原副院长陈丽华。因工作原因不能亲至现场参加开幕式但送来题词的有：全国人大原副委员长、农工民主党中央原主席蒋正华，全国政协原副主席、农工民主党中央原常务副主席陈宗兴。发来贺电的有：农工党中央专职副主席、全国人大常委、环资委副主委龚建明，文化部原副部长、故宫博物院原院长、中华诗词学会会长郑欣淼，中国国家画院院长、中国美术家协会副主席杨晓阳。\r\n\r\n 田原为嘉宾介绍展出作品\r\n　　为了响应贯彻习近平总书记在文艺座谈会上的讲话精神，弘扬中华传统文化，推动中华优秀传统文化走进校园，走向世界。由国家行政学院书画研究院、中国文物学会收藏鉴定委员会、北京墨耕堂画院联系有关权威收藏机构，组织近百幅古今书画作品举办的“丝路情?翰墨缘——古今书画鉴赏暨田原作品展国家行政学院展”，旨在向“一带一路”沿岸国家和地区的人们展示中华传统文化的独特魅力。此次展览正值第32个教师节来临之际，也是继3月份在中央党校首展后， “丝路情?翰墨缘——古今书画鉴赏暨田原作品展全球巡展”的第二站。\r\n\r\n展览现场\r\n　　此次展览展出的书画作品时间跨度大，涵盖从唐代至当代各个派别的名家力作，其中不乏国宝文物级珍品，文物级别达到一、二级文物。作品形式丰富，紧扣时代主题，包括唐人写经，宋代苏辙、赵大年，元代倪瓒，元代佚名相马图，明代唐寅、文征明、董其昌、陈洪绶，清代乾隆皇帝、郑板桥、林则徐、左宗棠，近现代弘一、孙文、于右任、张大千、徐悲鸿、齐白石等名家作品，以及田原书画、篆刻作品等十余幅，堪称一次书画艺术的饕餮盛宴。\r\n　　田原先生系中国文物学会收藏鉴定委员会副秘书长，中华海外联谊会理事，中国农工民主党中央文化体育委员会委员，北京墨耕堂画院院长。田原自幼师从卫俊秀、刘自椟、徐庶之等学习，成人后居京华又拜黄胄、启功、史树青等大家为师学习书画、鉴赏。田原自幼刻苦，努力、勤奋好学。书笔不离手，几十年历练成为一个诗、书、画、刻全能大家。其书法师承传统而又创新，四体皆能，尤以榜书、行书及篆刻见长；画承前贤，所作花鸟人物，清新典雅；印承秦汉，又不失时代之风，曾日刻300余枚，总刻万余枚，被誉为“印坛快刀手”，作品曾作为国礼赠送给外国领导人；诗词千余首，出版专集。读万卷书，行万里路，诚实做人，热心公益是田原坚守的原则，为各种公益事业捐献钱物数百万余元。著作有《书画鉴赏》、《田原诗书画印集》、《墨缘集胜》等。', '2016-04-09 15:34:03', null, '2016年9月10日上午10点，“丝路情 翰墨缘——古今书画鉴赏暨田原作品展国家行政学院展”开幕式在国家行政学院隆重举行。', null, null);
INSERT INTO `shu_news` VALUES ('100002', '品味书画之上的重阳节', '登高、赏菊、插茱萸等活动，是古人过重阳的保留项目。此幅石涛的《王维诗意图》描绘了王维《九月九日忆山东兄弟》诗中的情景。\r\n　　石涛，清初画家，原姓朱，名若极，号大涤子、清湘老人、苦瓜和尚、瞎尊者等，与弘仁、髡残、朱耷合称“清初四僧”。石涛后半世云游，以卖画为业。石涛早年山水师法宋元诸家，画风疏秀明洁，晚年用笔纵肆，墨法淋漓，格法多变，尤精册页小品；人物生拙古朴，别具一格。\r\n　　这幅《王维诗意图》，乍看之下颇有些“名不副实”。石涛虽然以北宋的“范宽笔意”画出了壮丽的秋山，画面上却没有正在“登高”的“山东兄弟”，只有二人在书斋中相对而坐，颇有些莫名其妙。然而细想之下，诗人不正是在远离家乡和亲人的时刻，才会“倍思亲”，写下这样的诗句吗？秋光虽好，家人不在，便只好枯坐思亲。\r\n　　正值重阳佳节，宜登高，宜赏菊，更宜珍惜家人，共赏秋光。（ 来源：杭州日报   郑成航）', '2016-10-08 15:38:01', null, '登高、赏菊、插茱萸等活动，是古人过重阳的保留项目。', null, null);
INSERT INTO `shu_news` VALUES ('100003', '纪念护国运动100周年书画艺术作品展昆明开展', '云南网讯4月8日，纪念护国运动100周年书画艺术作品展暨文化长廊商品交易会在昆明启幕。此次展会由书画艺术作品展、文艺演出、名家字画义卖、珠宝义卖、惠民商品展销等部分组成，在昆明文化宫A区4楼书画展厅举办，将持续至4月23日。\r\n\r\n　　本次展会主题为“弘扬爱国主义精神，传承民族文化”，由云南南社研究会主办，昆明闻达文化传播有限公司和云南瑞春文化传播有限公司承办，由中国云南民族画院福朗里分院、昆明鼎尊会展有限公司和云南迪乐文化传播有限公司协办。书画展共展出书画作品200余幅，作品以纪念护国运动为主线，均为省内书法绘画名家、爱好者的精良之作。\r\n \r\n \r\n点击浏览下一页\r\n \r\n \r\n书画展现场\r\n \r\n \r\n        据云南省南社研究会会长、诗人、评论家晓雪介绍，本次书画展从2015年8月开始筹备，得到了社会各界的热心支持。希望通过系列纪念活动的开展，让大家共同缅怀先贤，学习和传承云南精神，为谱写好中国梦云南篇章奋斗。\r\n\r\n　　作者：毕芃', '2016-04-09 15:39:48', null, '云南网讯4月8日，纪念护国运动100周年书画艺术作品展暨文化长廊商品交易会在昆明启幕。', null, null);
INSERT INTO `shu_news` VALUES ('100004', '中秋前的公婆石，比国画还美！', '心游尘世外，纵情山水间。自然总是给我们最美好的馈赠，给我们疲惫的心灵得到抚慰，让我们匆匆的脚步得以停歇。\r\n　　藻溪有一处奇山——公婆石，在这个中秋前展现了它的独特魅力，在时间的长河中静静的等待我们去发现，你看！它比国画还美！公婆石，是位于藻溪集镇下游的狮子山上的一块突出山岩，挺俊高拔，形似一公一婆，相携而行。\r\n山石是丹霞地貌的特征，造型似一老翁背负一老妪，顶上有青松，酷似头发。由此这里流传着北宋杨文广收妖误伤老人的传说。历代文人墨客，都有游览，并留下不少诗篇，有清代诗人张纂毋的《船屯渔唱》对公婆石的描绘：“试看山头石翁姥，丌然相对却如宾”，想法颇为奇特。\r\n后有道士仰慕这里奇特的地貌，遂在公婆石后的岩壁旁，依着山势，建起几层的道观，为登临公婆石砌阶造路，造成藻溪一景。\r\n公婆石是藻溪的标志性景点，也是藻溪的名片。远山含黛，和风送暖，干干净净，不染一丝灰尘。此处石色裸露如青铜，层层叠叠如屏风，岗顶都丛生草木，蓊蓊郁郁的，直与公婆岩顶相齐。其下却张开深窈的狮子口，口内含有道观，依岩势紧贴建筑，一半是悬楼，一半是石室。构成精巧的回廊亭阁。在这山雾间构成一幅似山水画的别样景致！“万壑千崖增秀丽，往来人在画图中”。再换个角度往高处看，便可看到藏在雾里的巍峨山势，繁茂古木。漫山云雾，群山若隐若现，浮云穿行于奇峰之间，雨幕似轻纱笼罩江山之上，活像一幅幅千姿百态的泼墨水彩画。', '2016-04-09 15:42:21', null, '探胜寻幽上翠微，\r\n双峰偎立亦称奇。\r\n溪山一带风光好，\r\n水满横塘草满陂。\r\n料是神灵降九天，\r\n沧桑历尽自缠绵。\r\n诚知尘世千般苦，\r\n却羡鸳鸯不羡仙。', null, null);
INSERT INTO `shu_news` VALUES ('100005', '彭山谢家小学举办现场书画比赛活动', '四川新闻网眉山4月8日讯（唐文红 刘树军）昨（7）日，眉山市彭山区谢家小学组织学生开展现场书画比赛活动，100余名学生参加了活动。据介绍，参加比赛的学生，全是以班级为单位开展比赛活动选拔出来的优胜者。在当天的比赛活动中，各路选手通过认真思考，巧妙构图，反复着色和一笔一画的认真书写，每个选手都绘制出了色彩丰富的美术作品和漂亮的硬笔书法作品。“选手们的作品好漂亮。”看到一幅幅漂亮的作品，不少未参加比赛的同学表示，今后，自己也要好好进行书画练习，争取下次也能参加比赛活动。”\r\n\r\n　　“定期开展书画比赛活动，可以展示学生风采，陶冶学生情操，促进学生积极向上，快乐健康成长。”该校负责人表示。据了解，每学期开展学生书画比赛活动，已成该校的一个常设活动。通过活动，已培养出一大批优秀学生人才。', '2016-04-08 15:44:10', null, '四川新闻网眉山4月8日讯（唐文红 刘树军）昨（7）日，眉山市彭山区谢家小学组织学生开展现场书画比赛活动，100余名学生参加了活动。', null, null);
INSERT INTO `shu_news` VALUES ('100006', '我省举办“瀚海同舟”六人书画作品展', '（原标题：我省举办“翰海同舟”六人书画作品展）\r\n今天上午，由省政协书画艺术研究院主办，省书法家协会、省美术家协会和省政协书画室承办的“翰海同舟——六人书画作品展”在省博物馆开幕，展期10天。\r\n本次展览是顺应繁荣社会主义书画艺术的新形式而举办的，展出的86幅作品是吴东民、王应际、阮江华、江寿男、陈洪、齐英石等六位书画作者近年来的精品力作。作品主题鲜明，内容丰富，书法作品有篆隶楷行草书、国画有山水、人物，书画家以墨迹抒怀，通过书画讴歌海南在经济和文化事业方面的建设成就，在推进和繁荣海南地域文化方面具有引领作用，很好地诠释了书画艺术的经典魅力，具有较高的思想性、艺术性和观赏性。\r\n省政协副主席林方略、王应际出席开幕式。\r\n作者：金昌波', '2016-04-08 15:45:07', null, '今天上午，由省政协书画艺术研究院主办，省书法家协会、省美术家协会和省政协书画室承办的“翰海同舟——六人书画作品展”在省博物馆开幕', null, null);
INSERT INTO `shu_news` VALUES ('100007', '五位青岛书画名家共绘“春之彩”', '本报讯 昨天上午，“春之彩——青岛市书画名家五人作品展”在市博物馆开展。杨在茂、徐国轩、李恺心、苏兆洪和冯国亮五位青岛本土著名书画艺术家共绘春的色彩，75幅书画创作向参观者展示了春天的勃勃生机。近千名观众慕名参加了开幕式。\r\n\r\n本次书画展由市文联主办，青岛市美术家协会、书法家协会协办，市博物馆、青岛中山书画院和青岛书画家美术创作院承办。五位书画家中最年长的已年逾八旬，最小的已近耳顺之年，他们在各自的艺术创作生涯中孜孜以求，刻苦钻研，形成了独具特色的艺术风格，取得了一定的艺术成就。\r\n\r\n此次展出的作品，国画部分涵盖了山水、花鸟，书法则汇集各大书体，表达了艺术家对美好生活的体验，体现了他们多姿多彩的内心世界。其中展于前厅的大尺幅作品 “苍韵清华图”，由五位书画家联手创作，引众人驻足细赏。□青岛日报/青报网记者 李 魏', '2016-04-08 15:45:07', null, '本报讯 昨天上午，“春之彩——青岛市书画名家五人作品展”在市博物馆开展。', null, null);
INSERT INTO `shu_news` VALUES ('100008', '民国初期仕女瓷器作品收藏鉴赏', '1915年民国初期由于新文化运动的促进，时装人物画瓷器开始出现在瓷器画面上，画师们在瓷器上采用了艳丽而丰富的新粉彩技艺，表现现实生活的新题材，描绘了当时五光十色的时尚风俗和沸沸扬扬的民国初期场景使中国瓷器人物画展现了新时代的新面貌。\r\n\r\n　　瓷器上画身穿时装的摩登女性，在中国陶瓷史上前所未有的，改去了古代传统式妇女的行为举止和装扮，她们有的带着小孩，小孩手里握着五色旗、十八星旗、万国旗，她们聚集在洋楼边，有的牵着洋狗，手执洋伞，有的轻摇圆扇，戴手表，穿丝袜、皮鞋，头戴蝴蝶结，她们衣着短袖、短裤、短裙成了时代的现代装束，展示出当代女性从封建社会解放出来的仪态风貌，体现了中国女性服饰由清末古典服装向民国早期现代时装的转变。\r\n\r\n　　而且只有在民国初期这段时间里才集中地制作生产时装画瓷器，这类大多数是有题跋诗词、纪年、作者名的，当时的画师们有洪步余、周筱松、潘肇唐、夏鼎臣、毛子荣、余钊、是比较有成就的代表人物，所署堂名款有松林阁、桐华居、西轩等等，粉彩民国时装人物画瓷器主要作为婚礼嫁妆和喜迁新居的陈设品，这类瓷器的使用者大多是青年人，他们最易接受新事物，也崇尚新事物，成了购买时装人物画瓷器的主要顾客群，在瓷器上绘制了形形色色的时尚人物的生活和活动场景，迎合了民国早期城市青年的审美意趣。\r\n\r\n　　主要的器形有成双成对的双耳大瓶，也被称作掸瓶。观音瓶、花觚、盖罐、帽筒。这些瓷器绘着图像相同的时装人物画，成对配置这是传统艺术中寓意和合成双的富有特色的表现手法。还有文房四宝的笔筒、水缸、水盂、笔插、笔添等等。还有镶于屏风、木床上的彩画瓷片，瓷片的形状有各种各样的造型，四方形、花瓶形、六角形、叶形、心形、菱形等。还有烟灰缸、提梁茶壶、杯、肥皂盒、粉盒等。\r\n\r\n　　民国早期瓷器上的时装人物画，吸收了西洋水彩工艺画法，画面色彩艳丽而透明，人物与布景巧妙精到地配置在一起，十分鲜艳夺目，民国时装人物画瓷器产生于1915年，衰退于1928年。在悠悠的中国陶瓷史上，它虽然只是昙花一现，但却标志着中国现代瓷器艺术的诞生。', '2016-04-09 15:48:18', null, '1915年民国初期由于新文化运动的促进，时装人物画瓷器开始出现在瓷器画面上，', null, null);
INSERT INTO `shu_news` VALUES ('100009', '中国传统书画收藏鉴赏的基础知识', '如何正确打好“欣赏”基础，做好以下四个方面。\r\n\r\n　　1、熟悉掌握中国书画艺术的发展历史。熟悉中国书画的发展历史，是为了在鉴赏书画作品中，能够把握其艺术的时代特征和个人风格特征，进而比较准确地对其创作年代、创作风格、艺术特色和艺术价值作出大致的合理判断。要做到这一点，就必须要经常阅读一些有关书画的发展历史，全面了解掌握不同时期的不同作者、不同风格的代表性作品和不同的传承关系。\r\n\r\n　　2、正确掌握各种表现技法的基本特征。熟悉了解书画艺术的发展历史，一是为了理清书画艺术的演变脉络，二是为了掌握书画艺术的各种表现技法的基本特征打下扎实基础。鉴赏书画，最终是要识别其艺术特色和艺术价值为主要目的的。书画艺术有哪些表现技法，这些技法的基本特征又是什么？如作者的笔墨主要特点、技巧，用笔的质量，笔墨的力度、速度，设色习惯、特色等等。在书画鉴赏时必须要非常清楚的。\r\n\r\n　　3、练习书画技艺，提高对各种风格和技法的感性认识。为了牢固掌握历代书画家们的不同艺术风格，须通过练习书画技艺，临习不同的代表性作品，来熟记不同时代的代表性书画家们的创作特点，对这些创作特点，要进行仔细的分析研究，做到烂熟于心。要多看多记不同书画家的真迹作品，凡是真迹，都有书画家的本来真实面目，这个本来真实面目，就是他们在布局、用笔、设色、款识等方面的习惯。只有这样，当遇到自已熟悉的书画家作品时，其真伪优劣，就很快能鉴别出来了。凡善于造假作伪的人，都有一套以假为真的方法，有些手段高明的作伪者，简直可以达到乱真的程度，如果我们不深入练习书画技艺，不牢固掌握历代书画家们的不同艺术风格，当遇到以假乱真的伪作时就很难作出正确的判断。\r\n\r\n　　4、扩大知识面，在鉴赏中做到触类旁通，举一反三。扩大知识面，书画方面知识，除以上所讲外，还要了解书画装裱知识，书画用的工具、纸绢、颜料、印泥等的不同材料习性和季节气候所形成的变化。如了解装裱知识，可以掌握假书画套裱的方法，了解纸绢，可以分清不同时期的纸绢特点。了解颜料，可分清不同书画家的用色习惯。越了解清楚，对鉴赏越有帮助。不仅要学习掌握书画方面的知识，而是还要学习其他方面的知识。如古代文学、历史、社会风俗、生活习惯、甚至道德思想、精神面貌等等，都有必要了解。鉴赏书画，从人们的精神生活需要来讲，是一种有益于身心健康的精神享受，若要把它作为一门学问来看，却是十分艰难而复杂的。只有靠“勤奋”学习各方面知识，用心“敢悟”艺术实质，来提高自己的鉴赏能力，是非常重要的。（来源：中华书画网 　文章作者：佚名)', '2016-10-08 15:49:31', null, '如何正确打好“欣赏”基础，做好以下四个方面。', null, null);
INSERT INTO `shu_news` VALUES ('100010', '陈子奋诗书画印作品展', '9月9日，“先生之风 山高水长——陈子奋诗书画印作品展”在福建省美术馆拉开帷幕，福建省政协副主席、省文联主席张帆，福建省文化厅副厅长、福建省艺术指导委员会副主任、美术书法专业委员会主任陈吉，福建省文物局副局长、福建博物院院长吴志跃，福建省文化厅社文非遗处副处长马强，以及福建各地市文广新局相关领导，福建省师范大学美术学院院长李豫闽，福建省书法家协会副主席方松峰，福建省美术家协会秘书长赵胜利，福建省画院执行院长孙志纯，福州市博物馆馆长张振玉，福建省美术馆副书记、副馆长林静，福建省美术馆副馆长邱志军等出席开幕仪式。参加开幕式的还有各大院校的师生、研究陈子奋的学者、专家以及陈子奋作品的收藏爱好者。开幕仪式后，“陈子奋诗书画印作品展”研讨会在福建博物院举行，陈子奋的学生、研究陈子奋的专家学者、收藏和鉴赏陈子奋的专业人士参加研讨。\r\n\r\n此次展览由福建省文化厅主办，福建省美术馆、福建博物院承办，是迄今为止举办的规模最大、规格最高、品类最全的陈子奋诗、书、画、印大展。\r\n\r\n陈子奋是近现代不可多得的“多栖”艺术家，他不仅善绘画，还精书法、篆刻、工诗文；陈子奋的绘画细腻生动，笔精墨妙，栩栩如生。陈衍（1856—1937，近代文学家，字叔伊，号石遗老人,福建侯官人）曾在润例引首中写道：“陈意芗子奋精金石之举，善丹青，尤工治印，画则人物、山水、花鸟皆迫近老莲，堑刻则融冶皖浙二派于一炉，而追摹秦汉，瘁心力以赴之，故其笔力苍劲深厚。”陈子奋绘画的一大特色是以金石入画，他将这一创作手法融入了白描绘画艺术之中，这是其一大创举。吴昌硕用金石书法写意花卉，陈子奋用金石书法白描花卉，所谓春兰秋菊，异曲同工。陈子奋的白描流利的地方如行云流水，顿挫的地方如屋漏痕，平正温和，宛转自如，能够精致入微地直接对物写生。自20世纪60年代起，其白描又参以草书笔意，称之为“草钩”，设色淡彩典雅，做到色不碍线、色不掩笔，开创了白描与小写意相结合的花鸟画新体格，确定了他在近代画坛上的地位。\r\n\r\n近年来，福建省委、省政府高度重视对优秀传统文化的保护和扶持，福建省文化厅实施了“闽籍书画名家抢救工程”，有计划、有规模地推出系列展事。本次展览在陈子奋先生逝世40周年之际举办，不仅表达了对他的缅怀之情，也进一步推进对传统文化的弘扬，同时也积极推动学术研究上不断传承、发展与创新。\r\n\r\n在“陈子奋诗书画印作品展”研讨会上，与会专业人士就他的人品艺品、艺术特征、学术价值等进行了深入探讨。陈吉表示，近年来，中央高度重视优秀传统文化的保护和传承工作，福建省委、省政府对保护和传承优秀传统文化的支持力度也很大，作为政府的职能部门，福建省文化厅应当认真地响应省委、省政府关于保护传承优秀传统文化的号召。经过认真研究，福建省文化厅出台了“闽籍书画名家抢救工程”。这几年先后推出了5位书画名家的作品展，第一个是章友芝先生的书画作品展，第二个是朱棠溪先生的书法艺术展，第三个是沈觐寿先生的书法艺术展，第四个是百岁书家赵玉林先生的书法作品展，这一次陈子奋先生的诗书画印作品展是福建省文化厅实施“闽籍书画名家抢救工程”的第五个项目。\r\n\r\n陈吉对陈子奋的艺术成就以及对福建艺术的贡献予以高度评价。他表示，弘扬中华优秀传统文化就应当推广、宣传陈子奋这样优秀的老艺术家的艺术成就。据介绍，下一阶段福建省文化厅还将加大力度，把“闽籍书画名家抢救工程”这件好事办得更有影响。研讨会上，李豫闽、方松峰、施宝霖、方纪龙、孙志纯、林公翔、樊万春、张永海、徐东树、李永新、罗方华、陈翘等专家学者和业内人士对陈子奋的艺术成就给予了高度评价，建议福建省文化厅等文化主管部门应该把陈子奋推向全国，在国家级美术馆、博物馆举办一次规格更高的陈子奋艺术展。\r\n\r\n抢救工程实际上是一个综合性的工程，不仅要举办优质展览、开展精品收藏工作，出版艺术家优秀作品集，还要加强相关学术研究。相关负责人表示，今后福建省美术馆将拿出更多的资金和学术力量，举办抢救工程系列展览，收藏更完备的陈子奋代表性作品，让这些作品得到更好、更专业的保护，同时也让更多的老百姓有机会看到这些艺术精品。', '2016-05-21 15:51:07', null, '9月9日，“先生之风 山高水长——陈子奋诗书画印作品展”在福建省美术馆拉开帷幕，', null, null);

INSERT INTO `shu_news_comment` VALUES ('10001', '给小编点个赞', '2018-07-03 15:52:15', '1', '100001');
INSERT INTO `shu_news_comment` VALUES ('10002', '还好还好。', '2018-07-03 15:57:45', '2', '100003');
INSERT INTO `shu_news_comment` VALUES ('10003', 'Good!', '2018-07-03 15:57:48', null, '100003');
INSERT INTO `shu_news_comment` VALUES ('10004', '加油！！', '2018-07-03 15:57:50', '5', '100004');
INSERT INTO `shu_news_comment` VALUES ('10005', '加油！！', '2018-07-03 15:57:52', '5', '100005');
INSERT INTO `shu_news_comment` VALUES ('10006', '文化的传承', '2018-07-03 15:57:54', '3', '100009');
INSERT INTO `shu_news_comment` VALUES ('10007', '超喜欢他的作品', '2018-07-03 15:57:57', '2', '100008');
INSERT INTO `shu_news_comment` VALUES ('10008', 'Nice', '2018-07-03 15:57:59', '2', '100010');
INSERT INTO `shu_news_comment` VALUES ('10009', '不错不错', '2018-07-03 15:58:01', '3', '100004');
INSERT INTO `shu_news_comment` VALUES ('10010', '厉害厉害', '2018-07-03 15:58:04', '1', '100002');
INSERT INTO `shu_news_comment` VALUES ('10011', '老美了', '2018-07-03 15:58:06', '3', '100007');
INSERT INTO `shu_news_comment` VALUES ('10012', '嗯。赞同~', '2018-07-03 15:58:08', '2', '100006');


INSERT INTO `shu_recaddress` VALUES ('1', '李玉', '15617817271', '450000', '河南省信阳市固始县泉河乡古堆村', '11', '1', null);
INSERT INTO `shu_recaddress` VALUES ('10', '毛宇星', '18855252678', '450000', '河南省郑州市中原区郑州大学', '12', '2', null);
INSERT INTO `shu_recaddress` VALUES ('2', '王兴', '15714567885', '465200', '河南省信阳市固始县泉河乡王店村', '13', '3', null);
INSERT INTO `shu_recaddress` VALUES ('3', '张丽', '15713717607', '450000', '河南省郑州市金水区河南农业大学', '14', '5', null);
INSERT INTO `shu_recaddress` VALUES ('4', '王宇婕', '13935785235', '465200', '河南省郑州市中原区郑州大学', '15', '5', null);
INSERT INTO `shu_recaddress` VALUES ('5', '申立豪', '15956988765', '450000', '河南省郑州市二七区人名公园东门', '110103', '3', null);
INSERT INTO `shu_recaddress` VALUES ('6', '王玉杰', '13839873221', '450001', '河南省郑州市中原区郑州大学', '130281', null, null);
INSERT INTO `shu_recaddress` VALUES ('7', '竹玉杰', '15617817607', '450000', '河南省郑州市中原区郑州大学', '110103', '2', null);
INSERT INTO `shu_recaddress` VALUES ('8', '张玉霞', '13776077826', '465200', '河南省信阳市固始县泉河乡三官村', '110107', null, null);
INSERT INTO `shu_recaddress` VALUES ('9', '余勇', '13172788652', '450000', '北京市昌平区沙阳路北京科技职业学院', '110106', '2', null);


INSERT INTO `shu_shop` VALUES ('1001', '贯之瀚墨', '2018-07-03 16:01:42', null, '朱勤学自传\r\n\r\n朱 勤 学：\r\n男，汉族。自幼热爱书法，10 岁学书。1958 年毕业于内蒙古\r\n师范学院（现内师大），长期从事教学工作。1987 年又毕业于无锡\r\n书法艺术专科学校（函授，学制二年）。\r\n硬笔书法作品，曾参加 1995 年“首届先锋杯全国硬笔书法大\r\n展”，并在文化部批准编辑出版的《中国硬笔书法大观》中被载入\r\n收藏名册。毛笔书法作品，在 1997 年淮阳市举办的“法制杯中国书\r\n画大展”中荣获优秀奖。在由中国书协，中国美协，中国老年协等\r\n单位联合举办的“喜迎党的十八大全国离退休老干部书画展”中荣\r\n获二等奖，由中央组织部老干部局颁发荣誉证书，另外，毛笔书法\r\n作品入编由《中国书画导报》编辑出版的《全面中老年书画作品\r\n集》（2012 年卷），并授予“2012 年全国百名中老年书画家”荣誉\r\n称号。近两年来，先后与别人合作出版了数本书画集，得到了书画\r\n大家欧阳中石先生，沈鹏先生，张海先生，权希军先生，何家英先\r\n生，李铎先生等的好评。其中现任中书协主席张海先生点评说：\r\n“把写意画的用笔手法溶入字中，字中有画，画为字用”等等。\r\n现为中国硬笔书法协会 A 级会员，中国老年书协会员，中国老\r\n年书画学会理事，《中国书画导报》特约记者和签约书法家，“环\r\n球翰墨文休艺术院”研究员，北京“中外书画名家交流中心”副主\r\n席等。', null, '黄金会员', '广东省广州市天河区', '11');
INSERT INTO `shu_shop` VALUES ('1002', '丁翔书画', '2018-07-03 16:01:44', null, null, '丁翔18759360031', '白金会员', '福建省宁德市古田村', '110101');
INSERT INTO `shu_shop` VALUES ('1003', '尚得堂旗舰店', '2018-07-03 16:01:47', null, '尚得堂旗舰店是在天猫商城开设运营的在线店铺，由天猫官方认证，100%正品保障，所有展示商品与实物完全相符，严格执行七天无理由退换服务，提供正规发票，为您呈现不一样的服务；【天猫商城】是中国线上购物的地标网站，亚洲最大的综合性购物平台，已经拥有4亿多买家，10万多品牌商家，多种新型网络营销模式正在不断被开创。', null, '黄金会员', '福建省厦门市', '110104');
INSERT INTO `shu_shop` VALUES ('1004', '湖韵旗舰店', '2018-07-03 16:01:49', null, '湖韵旗舰店是商城开设运营的在线店铺，所有展示商品与实物完全相符，严格执行七天无理由退换服务，提供正规发票，为您呈现不一样的服务；新品上线，更多新品等你来购！现如今已经占据大部分使用网上购物，其中的便捷性是为主大多人看重，亚洲是最大的综合性购物平台。已经拥有4亿多买家，10万多品牌商家，多种新型网络营销模式正在不断被开创。', null, '黄金会员', '浙江省湖州市', '110106');
INSERT INTO `shu_shop` VALUES ('1005', '俞唐办公用品旗舰店', '2018-07-03 16:01:51', null, '俞唐旗舰店是在天猫商城开设运营的在线店铺。由天猫官方认证，俞唐旗舰店品种齐全，价格优惠，时时惊喜，优惠不断，全网至低价，厂家直接发货，正品保障，所有展示商品与实物完全相符，商品售后七天无理由退换、提供正规机打发票、全国联保等相关极具竟争力的售后服务；【天猫商城】是亚洲最大网上购物网站。迄今为止，天猫已经拥有4亿多买家，5万多家商户，7万多个品牌；多种新型网络营销模式正在不断被开创。', null, '黄金会员', '江西省南昌市', '110106');
INSERT INTO `shu_shop` VALUES ('1006', '墨点旗舰店', '2018-07-03 16:01:54', null, '字帖 墨 点 书法 凹槽 练字 楷书 毛笔 临摹 水 宣纸 纸 练习 练字帖 写 入门 成人 宝 作品 仿宣纸 硬笔 中学生 张 水写布 书写 小楷 大 无 】 行书 习字 【 抄经本 练字板 官方 文房四宝 楷体 特制 描红 毛笔字 页 正 钢笔 本 行楷 毛毡 颜真卿 兰亭序 书法纸 基础 临摹纸 教程 + 米字格 唐诗宋词 速成 行 英语 格 洒 学生 纸张 金 初学者 笔芯 多宝塔碑 铭 加厚 中小学生 心经 对联 玄秘 彩色 毛边纸 ( 醴泉 欧阳询 写字 字 自动 楷 王羲之 荆霄鹏 九成宫 ) 消失 柳公权 常用 8 颜体 汉字 赠 附 般 手写 生宣 培训班 半生 2 般若 课 道德 天 诗词 意大利 书画纸 褐色 喜庆 书画 正红 套装 春 消字 结构 国画纸 反复 描红本 隶书 书 部 帖 本田 熟宣纸 印刷 架 免 基本 纸带 半透明 学会 碑文 笔 欧 塔 田字格 大红 体 1 墨迹 消字笔 隶 间 公务员 蔡伦 集 拷贝纸 袋 描红纸 写字本 英文 魏 专业 笔画 12 指导 经 灵飞经 勤礼碑 练习本 样 与 斜体 汉 吉祥 文具包 连笔字 初学 用 7 美', null, '黄金会员', '湖北省武汉市', '110107');
INSERT INTO `shu_shop` VALUES ('1007', '荣宝斋', '2018-07-03 16:01:56', null, '纸店的经营范围主要是三部分：一是书画用纸，以及各种扇面、装\r\n荣宝斋\r\n荣宝斋(12张)\r\n裱好的喜寿屏联等等；二是各种笔、墨、砚台、墨盒、水盂、印泥、镇尺、笔架等文房用具；三是代客订购书画篆刻家的商业作品，从中提成。 自1672年北京荣宝斋前身“松竹斋”南纸店的建立至今已有三百余年历史。1894年设立“松竹斋”连号“荣宝斋”，并增设“帖套作”机构，为后来木版水印事业的发展奠定了基础。', null, '黄金会员', '北京通州区', '110102');



INSERT INTO `shu_goods` VALUES ('1', '大风起兮', '4215', '2800', '88', '图片路径', '1000', '122', '1001010', '北京', '15*15', '这是一幅画', '3', null, null);
INSERT INTO `shu_goods` VALUES ('10', '毛泽东书法选', '100', '48', '5', '图片路径', '10', '127', '1001019', '唐山', '53页', '毛泽东书法选', '2', null, null);
INSERT INTO `shu_goods` VALUES ('11', '硬笔书法练习纸', '52', '15', '0', '图片路径', '36', '15', '1001020', '太原', '练字用的', '硬笔书法练习纸', '4', null, null);
INSERT INTO `shu_goods` VALUES ('12', '龙跳天门画笔', '1500', '1200', '0', '图片路径', '27', '3', '1001021', '大连', '高端定制画笔', '这是高逼格的画笔', '5', null, null);
INSERT INTO `shu_goods` VALUES ('13', '河北省美术家协会会员 康计永《太行春早》', '1800', '1500', '0', '图片路径', '1', '3', '1001022', '长春', '68*136', '【作品名称】《太行春早》	【字体】--\r\n【作者】康计永	【材质】宣纸\r\n【尺寸】68x136cm	【装裱形式】未装裱\r\n【创作年代】2017	【适用环境】客厅、书房\r\n【类别】国画-写意	【题材】山水', '8', null, null);
INSERT INTO `shu_goods` VALUES ('14', '《惠风和畅》', '1988', '555', '0', '图片路径', '12', '55', '1001023', '南京', '136×34cm', '【作品名称】《惠风和畅》	【字体】行书\r\n【作者】 张孝勇	【材质】宣纸\r\n【尺寸】136×34cm	【装裱形式】未装裱\r\n【创作年代】2018	【适用环境】客厅、书房\r\n【类别】书法	【题材】--', '9', null, null);
INSERT INTO `shu_goods` VALUES ('15', '《鸟语花香四条屏》', '900', '550', '0', '图片路径', '1', '66', '1001024', '苏州', '34x130cmx4', '【作品名称】《鸟语花香四条屏》	【字体】--\r\n【作者】刘贝	【材质】宣纸\r\n【尺寸】34x130cmx4	【装裱形式】未装裱\r\n【创作年代】2018	【适用环境】客厅、书房\r\n【类别】国画-工笔	【题材】花鸟', '7', null, null);
INSERT INTO `shu_goods` VALUES ('2', '见贤思齐', '5600', '3200', '111', '图片路径', '100', '333', '1001011', '天津', '99*99', '这是一幅画', '6', null, null);
INSERT INTO `shu_goods` VALUES ('3', '天道酬勤', '5872', '4521', '10', '图片路径', '10', '100', '1001012', '内蒙古', '66*66', '这是天道酬勤的画', '5', null, null);
INSERT INTO `shu_goods` VALUES ('4', '家和万事兴', '8546', '5300', '10', '图片路径', '23', '155', '1001013', '郑州', '55*66', '这是家和万事兴', '4', null, null);
INSERT INTO `shu_goods` VALUES ('5', '自强不息,厚德载物', '6900', '5210', '10', '图片路径', '22', '423', '1001014', '广东', '44*88', '这是自强不息,厚德载物', '3', null, null);
INSERT INTO `shu_goods` VALUES ('6', '红军不怕远征难', '8594', '6589', '1', '图片路径', '11', '55', '1001015', '湖南', '65*69', '这是红军不怕远征难', '2', null, null);
INSERT INTO `shu_goods` VALUES ('7', '文房四宝圆池端砚', '55', '25', '10', '图片路径', '45', '556', '1001016', '徐州', '5寸', '这是文房四宝', '1', null, null);
INSERT INTO `shu_goods` VALUES ('8', '实木黑梓木红木紫檀镇尺木条', '90', '38', '55', '图片路径', '56', '558', '1001017', '山西', '3斤', '这是镇尺', '7', null, null);
INSERT INTO `shu_goods` VALUES ('9', '纯手绘床头国画', '1200', '880', '52', '图片路径', '66', '88', '1001018', '石家庄', '98*99', '这是国画,手工画的', '9', null, null);


INSERT INTO `shu_goods_comment` VALUES ('1', '不错不错,棒棒哒', '2018-07-03 15:44:13', '1', '1');
INSERT INTO `shu_goods_comment` VALUES ('10', '不错不错,可以', '2018-07-03 15:44:16', '2', '2');
INSERT INTO `shu_goods_comment` VALUES ('11', '不错不错', '2018-07-03 15:44:18', '3', '3');
INSERT INTO `shu_goods_comment` VALUES ('12', '不错不错,些不赖', '2018-07-03 15:44:20', '5', '4');
INSERT INTO `shu_goods_comment` VALUES ('13', '不错不错,点个赞', '2018-07-03 15:44:23', '2', '5');
INSERT INTO `shu_goods_comment` VALUES ('14', '不错不错,夸一下', '2018-07-03 15:44:25', '3', '6');
INSERT INTO `shu_goods_comment` VALUES ('15', '不错不错,么么哒', '2018-07-03 15:44:26', '5', '7');
INSERT INTO `shu_goods_comment` VALUES ('2', '不错不错,哼哼哼', '2018-07-03 15:44:28', '1', '8');
INSERT INTO `shu_goods_comment` VALUES ('3', '不错不,哈哈哈', '2018-07-03 15:44:29', '2', '9');
INSERT INTO `shu_goods_comment` VALUES ('4', '不错不错,呵呵呵', '2018-07-03 15:44:30', '3', '10');
INSERT INTO `shu_goods_comment` VALUES ('5', '不错不错,啦啦啦', '2018-07-03 15:44:32', '5', '11');
INSERT INTO `shu_goods_comment` VALUES ('6', '不错不错,呸呸呸', '2018-07-03 15:44:33', '5', '12');
INSERT INTO `shu_goods_comment` VALUES ('7', '不行啊,差评', '2018-07-03 15:44:35', '3', '13');
INSERT INTO `shu_goods_comment` VALUES ('8', '中等评价把', '2018-07-03 15:44:37', '2', '14');
INSERT INTO `shu_goods_comment` VALUES ('9', '还行吧', '2018-07-03 15:44:38', '2', '15');



INSERT INTO `shu_cart` VALUES ('1', '1', '1', '1', null, '0', '2018-07-03 15:55:50');
INSERT INTO `shu_cart` VALUES ('10', '2', '10', '10', null, '1', '2018-07-03 15:55:50');
INSERT INTO `shu_cart` VALUES ('2', '1', '3', '2', null, '0', '2018-07-03 15:55:50');
INSERT INTO `shu_cart` VALUES ('3', '2', '2', '3', null, '1', '2018-07-03 15:55:50');
INSERT INTO `shu_cart` VALUES ('4', '3', '12', '4', null, '1', '2018-07-03 15:55:50');
INSERT INTO `shu_cart` VALUES ('5', '1', '14', '5', null, '1', '2018-07-03 15:55:50');
INSERT INTO `shu_cart` VALUES ('6', '1', '13', '6', null, '1', '2018-07-03 15:55:50');
INSERT INTO `shu_cart` VALUES ('7', '1', '2', '7', null, '1', '2018-07-03 15:55:50');
INSERT INTO `shu_cart` VALUES ('8', '2', '15', '8', null, '1', '2018-07-03 15:55:50');
INSERT INTO `shu_cart` VALUES ('9', '2', '10', '9', null, '1', '2018-07-03 15:55:50');



INSERT INTO `shu_order` VALUES ('1', '10010111', '2018-07-03 15:57:14', '0', '1','');
INSERT INTO `shu_order` VALUES ('10', '10010120', '2018-07-03 15:57:28', '0', '10','');
INSERT INTO `shu_order` VALUES ('11', '10010121', '2018-07-03 15:57:30', '1', '2','');
INSERT INTO `shu_order` VALUES ('12', '10010123', '2018-07-03 15:57:31', '1', '3','');
INSERT INTO `shu_order` VALUES ('13', '10010122', '2018-07-03 15:57:33', '1', '4','');
INSERT INTO `shu_order` VALUES ('14', '10010124', '2018-07-03 15:57:35', '1', '5','');
INSERT INTO `shu_order` VALUES ('15', '10010125', '2018-07-03 15:57:36', '1', '6','');
INSERT INTO `shu_order` VALUES ('16', '10010126', '2018-07-03 15:57:37', '1', '7','');
INSERT INTO `shu_order` VALUES ('17', '10010127', '2018-07-03 15:57:38', '1', '8','');
INSERT INTO `shu_order` VALUES ('18', '10010128', '2018-07-03 15:57:38', '1', '9','');
INSERT INTO `shu_order` VALUES ('19', '10010129', '2018-07-03 15:57:39', '1', '1','');
INSERT INTO `shu_order` VALUES ('2', '10010112', '2018-07-03 15:57:16', '0', '2','');
INSERT INTO `shu_order` VALUES ('20', '10010130', '2018-07-03 15:57:39', '1', '1','');
INSERT INTO `shu_order` VALUES ('3', '10010113', '2018-07-03 15:57:17', '0', '3','');
INSERT INTO `shu_order` VALUES ('4', '10010114', '2018-07-03 15:57:19', '0', '4','');
INSERT INTO `shu_order` VALUES ('5', '10010115', '2018-07-03 15:57:21', '0', '5','');
INSERT INTO `shu_order` VALUES ('6', '10010116', '2018-07-03 15:57:22', '0', '6','');
INSERT INTO `shu_order` VALUES ('7', '10010117', '2018-07-03 15:57:24', '0', '7','');
INSERT INTO `shu_order` VALUES ('8', '10010118', '2018-07-03 15:57:26', '0', '8','');
INSERT INTO `shu_order` VALUES ('9', '10010119', '2018-07-03 15:57:27', '0', '9','');

